ID,zCMB,mu,e_mu,RA,DEC,Sample,Host,morphology,Morph_quality,Notes,Host_RA,Host_DEC,cutsmask,mu_cosmo,HR,HR_err,H0
sn2002bf,0.02488333333333333,34.50253826723309,0.13712537741693406,153.92777016188646,55.638313057527895,Old,CGCG 266-031,Sb,0.0,,153.92606,55.667485,True,34.39334369151188,0.1091945757212116,0.15868477950011148,100.52725350224148
sn2001v,0.016186666666666658,33.09885484611045,0.10175498730583436,179.31705341865364,25.20150455542583,Old,NGC 3987,Sb,0.0,,,,True,33.445388759957645,-0.3465339138471961,0.12935056070567652,100.52725350224148
sn2001cz,0.01264,33.31105704985756,0.1498387314343092,191.86833286107125,-39.56532732745783,Old,NGC 4679,Sbc,0.0,,191.87604199999998,-39.570861,True,32.90249401419986,0.4085630356576999,0.16979144722601736,100.52725350224148
sn2001cn,0.014683333333333331,33.177657582903144,0.15478000403260544,281.66408049019583,-65.80820366461903,Old,IC 4758,Sc,0.0,,281.576125,-65.75666700000001,True,33.23125197081454,-0.05359438791139581,0.1741675623116881,100.52725350224148
sn2001bt,0.01374,33.07724273208849,0.15733771788883358,288.5020158870953,-59.31734108496757,Old,IC 4830,Sb,0.0,,288.452333,-59.294361,True,33.08550777939804,-0.008265047309542695,0.17644446033732136,100.52725350224148
sn2001ba,0.030476666666666662,34.86256302432023,0.10942339792780546,174.5061047913303,-32.36019047446593,Old,MCG -05-28-1,Sb,0.0,,174.502042,-32.324694,True,34.842675495370514,0.019887528949723787,0.13546575259942736,100.52725350224148
sn2001ay,0.030886666666666663,34.95106716518498,0.12941662636231746,216.60269475520832,26.25397238411293,Old,IC 4423,Sb,0.0,,216.573909,26.246131,True,34.87235292031799,0.07871424486699398,0.1520728552117901,100.52725350224148
sn2000fa,0.02178333333333333,34.034550302182716,0.12919749500889513,108.9099623557114,23.407777388082472,Old,UGC 3770,Ir,0.0,,108.873208,23.42625,True,34.09938190508164,-0.06483160289892709,0.15188641423720514,100.52725350224148
sn2000dk,0.01589666666666667,33.38402314266223,0.145807403901007,16.817509928733188,32.45279388612001,Old,NGC 382,E,0.0,,16.849463,32.403864,True,33.40565536125203,-0.0216322185898008,0.16624466651779773,100.52725350224148
sn2000cn,0.02319333333333333,34.19262297810289,0.1204436601395677,269.4221258965481,27.787758473018865,Old,UGC 11064,Sc,0.0,,269.420917,27.834721999999996,True,34.23787160499969,-0.045248626896800204,0.1445135473963534,100.52725350224148
sn2000cf,0.03647333333333334,35.35273993367256,0.11777855313827601,238.14579579386074,65.92954037753194,Old,MCG +11-19-25,Sb,0.0,,238.232208,65.935583,True,35.242322763523475,0.11041717014907704,0.1422999567554681,100.52725350224148
sn2000ce,0.01648666666666667,33.427736372078144,0.19879994448757946,121.27993483965695,66.78424728784032,Old,UGC 4195,Sb,0.0,,121.278625,66.782917,True,33.48575877171285,-0.05802239963470868,0.2142403044282916,100.52725350224148
sn2000ca,0.024483333333333333,34.228458744305875,0.10600152465693152,203.84909416591012,-34.193745532248265,Old,ESO 383-32,Sc,0.0,,203.844708,-34.159583000000005,True,34.35750450618026,-0.1290457618743872,0.13271704239793944,100.52725350224148
sn2000bk,0.026586666666666668,34.42533714519421,0.1751187427029241,188.47592842899,-7.411698319602637,Old,NGC 4520,S0-,0.0,,188.45791200000002,-7.3755440000000005,True,34.53988030030543,-0.11454315511121392,0.19246834586267766,100.52725350224148
sn2000bh,0.02418333333333333,34.290843123776305,0.15510517210830418,185.27476324064705,-22.027248902238703,Old,ESO 573-14,Sc,0.0,,185.315875,-21.99575,True,34.33024549562261,-0.03940237184630036,0.174456597834559,100.52725350224148
sn2000b,0.01992333333333333,33.67541977786218,0.23126442590699176,106.41231629500452,50.63601754827286,Old,NGC 2320,S0-,0.0,,106.425125,50.581056,True,33.90253480063376,-0.2271150227715779,0.244664514802112,100.52725350224148
sn1999x,0.02573333333333333,34.578415896386446,0.1544417624756767,133.64692978625743,36.500883343350985,Old,CGCG 180-022,Sa,0.0,,133.63263500000002,36.509615999999994,True,34.46765926355816,0.1107566328282843,0.1738670414709347,100.52725350224148
sn1999gp,0.026019999999999998,34.653782876003106,0.10303728855353353,37.8586065374271,39.40399199556225,Old,UGC 1993,Sd,0.0,,37.916917,39.378361,True,34.49217989148697,0.16160298451613642,0.1303617004557954,100.52725350224148
sn1999gd,0.01925,33.65399791260856,0.18765810946436806,129.61819338010392,25.79370753979112,Old,NGC 2623,Sab,0.0,,129.60031999999998,25.754638,True,33.82677757540731,-0.172779662798753,0.20394375734746856,100.52725350224148
sn1999ek,0.017586666666666667,33.429538797921,0.14638633750109606,84.16088679879478,16.6587088760288,Old,UGC 3329,Sbc,0.0,,84.13575,16.648861,True,33.6278173753229,-0.1982785774019007,0.16675266090904575,100.52725350224148
sn1999ee,0.010543333333333332,32.53280655579188,0.13614247081606634,334.0041515326205,-36.84750908255074,Old,IC 5179,Sbc,0.0,,334.037917,-36.843722,True,32.50517977612027,0.027626779671606986,0.15783618873112046,100.52725350224148
sn1999dq,0.01349,32.758255953693535,0.09878696183444974,38.454074760688044,20.964824767352813,Old,NGC 976,Sbc,0.0,,38.500083000000004,20.976778,True,33.045221515116246,-0.28696556142271845,0.12702894922710894,100.52725350224148
sn1999dk,0.013890000000000001,33.21277920544007,0.10800126354916988,22.820458614054303,14.257132008962689,Old,UGC 1087,Scd,0.0,,22.860833,14.2775,True,33.10933268106854,0.10344652437153457,0.13431963014198495,100.52725350224148
sn1999da,0.012490000000000001,32.97862099824529,0.10200432048787124,263.9476425682988,60.78856668304906,Old,NGC 6411,E,0.0,,263.886877,60.813402,True,32.87632304419196,0.1022979540533342,0.12954679274862324,100.52725350224148
sn1999cp,0.01039,32.49504086633964,0.13229704313161258,211.66102230227563,-5.440178552408277,Old,NGC 5468,Scd,0.0,,211.645375,-5.453111,True,32.473113745024385,0.02192712131525809,0.1545315428468575,100.52725350224148
sn1999cc,0.03147666666666667,34.87255109494485,0.12074035489412707,240.7260972092786,37.38110825599656,Old,NGC 6038,Sbc,0.0,,240.66896,37.359497,True,34.91438979750801,-0.04183870256315458,0.14476091811404812,100.52725350224148
sn1999aa,0.015286666666666669,33.47632517802139,0.09301272399673784,126.90418905106371,21.503230103045784,Old,NGC 2595,Scd,0.0,,126.925097,21.479108,True,33.31968579085093,0.15663938717046474,0.12259223849231128,100.52725350224148
sn1998v,0.017186666666666666,33.404623330558145,0.11800490013946935,275.6821060860269,15.645743356246266,Old,NGC 6627,Sb,0.0,,275.662167,15.698,True,33.57720187488637,-0.17257854432822484,0.14248735582566102,100.52725350224148
sn1998eg,0.02348333333333333,34.38045614958297,0.12616051214592455,339.9232599975104,8.593374868971331,Old,UGC 12133,Scd,0.0,,339.883333,8.612944,True,34.265326014200745,0.1151301353822234,0.14931163698179847,100.52725350224148
sn1998ef,0.01589666666666667,33.14658143564161,0.1641945111165413,15.878728127599008,32.202123287987504,Old,UGC 646,Sa,0.0,,15.859957999999999,32.237361,True,33.40565536125203,-0.2590739256104229,0.1825851242408932,100.52725350224148
sn1998ec,0.020106666666666655,34.12371222871617,0.18027441579681466,103.26137093099518,50.031436497636356,Old,UGC 3576,Sb,0.0,,103.279167,50.034056,True,33.922724744380226,0.20098748433594693,0.1971708779311621,100.52725350224148
sn1998dk,0.012029999999999999,32.858966070653786,0.2384109173652865,3.621351976898111,-0.7810511129382687,Old,UGC 139,Scd,0.0,,3.632708,-0.737556,True,32.79407875169835,0.06488731895543509,0.2514304190670251,100.52725350224148
sn1998de,0.015586666666666669,33.51434166357124,0.09919552798308864,11.99957618748878,27.66551705652634,Old,NGC 252,S0a,0.0,,12.00625,27.623639,True,33.362381545845054,0.15196011772618334,0.1273469390488288,100.52725350224148
sn1998co,0.016986666666666667,33.52643662769672,0.14172077419774828,326.8567960775732,-13.176057350082381,Old,NGC 7131,S0⚬,0.0,,326.900477,-13.182615,True,33.55145622875419,-0.025019601057472585,0.16267227161526807,100.52725350224148
sn1998bp,0.010190000000000001,32.22938542419229,0.1009805121945196,268.6772592834444,18.3010195774368,Old,NGC 6495,E,0.0,,268.711494,18.326913,True,32.43057542847224,-0.20119000427995104,0.12874219959411098,100.52725350224148
sn1998ab,0.027880000000000002,34.31374534871607,0.116906990573073,192.18390097248482,41.91778564141182,Old,NGC 4704,Sb,0.0,,192.193449,41.921255,True,34.64511571805839,-0.3313703693423236,0.1415794284425353,100.52725350224148
sn1997y,0.016586666666666666,33.59970827466751,0.12285852719741013,191.36167164355905,54.706256147890045,Old,NGC 4675,Sb,0.0,,191.382873,54.737616,True,33.49905430236846,0.1006539722990567,0.14653227568825633,100.52725350224148
sn1997e,0.01329,33.153753089655865,0.11864851601690345,101.85702889428184,74.49677035759149,Old,NGC 2258,S0⚬,0.0,,101.940833,74.481667,True,33.01245668298791,0.14129640666795495,0.14302083927272902,100.52725350224148
sn1997do,0.010490000000000001,32.63323551869662,0.12283995372600208,111.72088800664416,47.101175917488796,Old,UGC 3845,Sbc,0.0,,111.677958,47.093971999999994,True,32.494079160959856,0.13915635773676627,0.14651670329579738,100.52725350224148
sn1997cw,0.01594,33.129065311737875,0.17690413626835647,6.327603316287564,12.872326383518974,Old,NGC 105,Sbc,0.0,,6.319167,12.889444000000001,True,33.41163784005618,-0.2825725283183047,0.19409421305674115,100.52725350224148
sn1997cn,0.016986666666666667,33.47632517802139,0.09830254716242907,212.4896715901489,17.52785535513793,Old,NGC 5490,E,0.0,,212.48872799999998,17.545551,True,33.55145622875419,-0.07513105073280002,0.12665259923066713,100.52725350224148
sn1996c,0.02748,34.94681617461702,0.1379565804725676,207.74625323991313,49.343752640295676,Old,MCG +08-25-47,Sbc,1.0,,,,True,34.61308922689335,0.33372694772366884,0.15940360161849046,100.52725350224148
sn1996bv,0.016686666666666666,33.36276121654865,0.1388813369936602,94.07749024445472,57.09520305739817,Old,UGC 3432,Scd,0.0,,94.056792,57.0515,True,33.51227087854801,-0.14950966199936033,0.16020460629585218,100.52725350224148
sn1996bo,0.016309999999999998,33.09728074498352,0.1663903199943568,27.10552054582088,11.470716434267096,Old,NGC 673,Sc,0.0,,27.0935,11.521308,True,33.46207408753679,-0.3647933425532699,0.18456226239696685,100.52725350224148
sn1995bd,0.01439,33.11401261613746,0.19167710403021904,71.29985419939246,11.05301564529752,Old,UGC 3151,Sbc,0.0,,71.33183299999999,11.067806,True,33.186949483217944,-0.07293686708048598,0.2076477842951227,100.52725350224148
sn1995ak,0.02198333333333333,33.944059191718736,0.13007510669115396,41.46265460071882,3.1987762718554893,Old,IC 1844,Sbc,0.0,,41.455833,3.230306,True,34.11955384186469,-0.17549465014595003,0.1526336250436891,100.52725350224148
sn1995ac,0.04876666666666666,35.636374264677364,0.1115080426508349,341.3539835055043,-8.719673920736124,Old,2MFGC 17122,Sa,0.0,,341.391958,-8.750722,True,35.89249605334082,-0.2561217886634566,0.13715514459575626,100.52725350224148
sn1994s,0.015986666666666666,33.36276121654865,0.11426357491786088,187.7966961012129,29.148915371031045,Old,NGC 4495,Sab,0.0,,,,True,33.41806255968155,-0.05530134313290347,0.13940464363238406,100.52725350224148
sn1994q,0.0289,34.78795905576493,0.16095689853049944,252.43764591654232,40.4455774210089,Old,CGCG 224-104,Scd,0.0,,,,True,34.724787404599496,0.06317165116543323,0.17967919550637987,100.52725350224148
sn1994m,0.02428333333333333,34.274117183995216,0.13462945769670606,187.78615058166287,0.5717860534438913,Old,NGC 4493,E,0.0,,,,True,34.33936858065824,-0.06525139666302238,0.15653300288747915,100.52725350224148
sn1993h,0.024766666666666663,34.15037634595464,0.12701126014881525,208.19964001939536,-30.74599501000477,Old,ESO 445-G66,Sa,0.0,,208.209417,-30.71,True,34.38294941095921,-0.23257306500456565,0.15003116448875686,100.52725350224148
sn1993ah,0.028476666666666667,34.670379547614324,0.21315378694794715,357.9922524825973,-27.95747611532975,Old,ESO 471-27,S0⚬,0.0,,357.95975,-27.965333,True,34.69206097038189,-0.021681422767564133,0.22762255381115734,100.52725350224148
sn1992p,0.02628,34.57310212300307,0.13407106387310969,190.6981766857664,10.35169140000291,Old,IC 3690,Sa,0.0,,190.70496799999998,10.35747,True,34.51419126174058,0.05891086126248979,0.15605300471740316,100.52725350224148
sn1992k,0.011133333333333334,32.26894540128325,0.18755372315821844,197.55360518972648,-46.44890784203411,Old,ESO 269- G 057,Sa,0.0,,197.518458,-46.437333,True,32.624393282042924,-0.3554478807596695,0.20384771076411928,100.52725350224148
sn1992bo,0.018086666666666668,33.72039918500381,0.12842888343655667,20.533694641370143,-34.24635819921456,Old,ESO 352-G57,Sa,0.0,,20.510042000000002,-34.196778,True,33.689511982958585,0.030887202045221333,0.15123315844755425,100.52725350224148
sn1992bl,0.04287,35.496143699093224,0.16798609334449474,348.786622961938,-44.76723456175062,Old,ESO 291-G11,S0a,0.0,,348.800042,-44.736722,True,35.60336902640303,-0.1072253273098056,0.18600219802574292,100.52725350224148
sn1992bk,0.05786,36.18542698056935,0.22193278532427715,55.801190840073254,-53.61701201158226,Old,ESO 156-G08,S0a,1.0,,55.73583299999999,-53.634443999999995,True,36.27792797165859,-0.09250099108923847,0.2358636286396317,100.52725350224148
sn1992bg,0.035673333333333335,35.16766109526106,0.1626480172583447,115.56810544456724,-62.49045124010582,Old,WISEA J074156.99-623114.8,Sa,0.0,,115.4875,-62.520722,True,35.19288710585642,-0.025226010595361004,0.1811956611824168,100.52725350224148
sn1992bc,0.019786666666666668,33.84480160705677,0.09821290322293856,46.364682727262746,-39.571822588914365,Old,ESO 300-G09,Sc,1.0,,46.315875,-39.561306,True,33.88736462306193,-0.0425630160051611,0.12658303390557793,100.52725350224148
sn1992al,0.01409,33.01653961232831,0.11222361173114634,311.50438523360333,-51.422559208008785,Old,ESO 234-G69,Scd,0.0,,311.477375,-51.391110999999995,True,33.140706115143836,-0.12416650281553387,0.13773753716124548,100.52725350224148
sn1992ag,0.02588,34.25910659335352,0.2314720730982082,201.04840870461547,-23.862466558069762,Old,ESO 508-G67,Sc,0.0,,201.043833,-23.877360999999997,True,34.48023801717862,-0.2211314238250992,0.24486079869518645,100.52725350224148
sn1991u,0.03267,34.64402112390018,0.1835736101476277,200.8238093392447,-26.12257548394721,Old,IC 4232,Sc,0.0,,200.84354199999999,-26.1095,True,34.99710755004578,-0.3530864261456017,0.2001918091628516,100.52725350224148
sn1991s,0.055626666666666665,36.257151855747644,0.14955820239278833,157.34550311397348,21.98538807970316,Old,UGC 5691,Sa,0.0,,157.364551,22.007934,True,36.18899169117146,0.06816016457618446,0.1695439353566639,100.52725350224148
sn1991ag,0.015436666666666666,33.05594839709239,0.16691288291920986,299.96404118259306,-55.413407379772785,Old,IC 4919,Sdm,0.0,,300.037693,-55.373394,True,33.341136218321644,-0.2851878212292433,0.1850335120935239,100.52725350224148
sn1990t,0.04004333333333333,35.56242066447072,0.18317687095965954,299.7131789302606,-56.25962929561511,Old,WISEA J195859.25-561527.7,S0⚬,0.0,,299.74704199999996,-56.257943999999995,True,35.45077640523964,0.11164425923108467,0.1998280665167788,100.52725350224148
sn1990o,0.03057666666666666,34.83397210470613,0.12927396854045733,258.87747769369656,16.376726318264712,Old,MCG +03-44-3,Sb,0.0,,258.893238,16.324855,True,34.84994976497376,-0.015977660267630256,0.15195146940869492,100.52725350224148
sn2008bf,0.024569999999999998,34.22033757795737,0.12580082268706386,181.0411456846423,20.270680733101724,Hicken,NGC 4055,E,0.0,,181.006157,20.232326999999998,True,34.365318237702105,-0.14498065974473914,0.14900784241778844,100.52725350224148
sn2008af,0.034576666666666665,35.026195391147624,0.14703914794477202,224.8771779567009,16.63189489371798,Hicken,UGC 09640,E,0.0,,224.86516699999999,16.645106,True,35.123331509627626,-0.0971361184800088,0.167326032468313,100.52725350224148
sn2008l,0.017683333333333332,33.44256183351729,0.22565404008168954,49.29458382647722,41.42854228360277,Hicken,NGC 1259,S0-,0.0,,,,True,33.63987888408953,-0.19731705057224505,0.2393684104439246,100.52725350224148
sn2007bd,0.03197666666666667,34.758606191733705,0.13725874413993222,127.87912281938877,-1.2331478751862943,Hicken,UGC 4455,Sab,0.0,,127.887,-1.197722,True,34.94941516807547,-0.19080897634176355,0.15880004079386684,100.52725350224148
sn2007bc,0.02188333333333333,33.98001037578857,0.1324835871227724,169.86464498203782,20.816600225556453,Hicken,UGC 6332,Sa,0.0,,169.81923600000002,20.813558999999998,True,34.10949055804766,-0.12948018225909408,0.15469127632216245,100.52725350224148
sn2007ap,0.016186666666666658,33.54530792679977,0.1439107575234964,239.1470359995914,16.531194558315413,Hicken,MCG +03-41-3,S0⚬,0.0,,239.09831,16.523308,True,33.445388759957645,0.09991916684212754,0.16458370588927987,100.52725350224148
sn2007ai,0.03197666666666667,35.0311558010535,0.15208923820619827,243.18209258613862,-21.642290715619573,Hicken,MCG -04-38-4,Scd,0.0,,243.22233300000002,-21.623333,True,34.94941516807547,0.08174063297803258,0.17178075122493822,100.52725350224148
sn2007r,0.029580000000000002,34.91909343507183,0.14381212865698406,116.7291941557488,44.756004137777545,Hicken,UGC 4008,Sab,0.0,,116.653259,44.797627,True,34.7763852232942,0.14270821177763082,0.16449747250980887,100.52725350224148
sn2007o,0.03487666666666667,35.154878740033176,0.1277935219919605,224.06941322222485,45.447107957279165,Hicken,UGC 9612,Sc,0.0,,,,True,35.14257050141558,0.012308238617599443,0.15069397591268233,100.52725350224148
sn2007f,0.02418333333333333,34.40128578085397,0.10883274606167406,195.84316823021632,50.61837995436261,Hicken,UGC 8162,Sb,0.0,,,,True,34.33024549562261,0.07104028523136208,0.13498909855461375,100.52725350224148
sn2006te,0.03207666666666667,35.032017325528024,0.1238195790828886,122.96725951892252,41.54111193505048,Hicken,CGCG 207-042,Sab,1.0,,122.93116699999999,41.554972,True,34.956355923728296,0.07566140179972791,0.14733899102927947,100.52725350224148
sn2006td,0.01546,33.51434166357124,0.1775989802317307,29.58300213877132,36.34598962107576,Hicken,KUG 0155+361,Scd,1.0,,29.565792,36.348278,True,33.344454417109816,0.16988724646141407,0.1947277275906363,100.52725350224148
sn2006sr,0.02318333333333333,34.32570282612038,0.12461222778388195,0.9311677655757472,23.168222807318593,Hicken,UGC 14,Sbc,0.0,,0.895917,23.200778,True,34.23691889086958,0.08878393525079531,0.14800573443797532,100.52725350224148
sn2006qo,0.02998,34.7387326825662,0.12052781024443253,120.0667985054605,56.35329508176796,Hicken,UGC 4133,Scd,0.0,,120.035625,56.365611,True,34.80619682331979,-0.06746414075358588,0.1445836891062762,100.52725350224148
sn2006mo,0.036173333333333335,35.168672352397344,0.14113862946664948,11.712884104983075,36.36257424447799,Hicken,MCG +06-02-17,Scd,0.0,,11.66125,36.331361,True,35.22390949657561,-0.05523714417827108,0.16216535647599511,100.52725350224148
sn2006le,0.017286666666666662,33.682647318441965,0.11985790113445845,75.23040696163145,62.245712129564865,Hicken,UGC 3218,Sb,0.0,,75.182125,62.244028,True,33.58996395716361,0.09268336127835396,0.14402571498735914,100.52725350224148
sn2006kf,0.02078333333333333,34.008831812725376,0.13694591685114452,55.447122013753045,8.196881853905548,Hicken,UGC 2829,S0⚬,0.0,,55.46191700000001,8.159833,True,33.99570531547364,0.013126497251732872,0.15852972672487325,100.52725350224148
sn2006hb,0.015386666666666668,33.0967557909354,0.11865395661283233,75.4742159235832,-21.10555398132475,Hicken,MCG -04-12-34,S0-,0.0,,75.502813,-21.136945,True,33.33400906198179,-0.2372532710463915,0.14302535276356526,100.52725350224148
sn2006gr,0.03347666666666667,35.243986489018674,0.11035095443215384,338.0514928954386,30.818958917802963,Hicken,UGC 12071,Sb,0.0,,338.102083,30.835556,True,35.0513660374168,0.1926204516018757,0.13621609030268667,100.52725350224148
sn2006gj,0.02768,34.71494091850464,0.1497653107779747,49.42814975242327,-1.6699788549809949,Hicken,UGC 2650,Sab,0.0,,49.393667,-1.6950830000000001,True,34.629159204109264,0.08578171439538096,0.16972665797006,100.52725350224148
sn2006et,0.02138333333333333,34.11223074047743,0.13649818993475424,10.677003635200617,-23.53382262525655,Hicken,NGC 232,Sa,0.0,,10.690917,-23.561360999999998,True,34.0584851683916,0.05374557208583042,0.15814311862590366,100.52725350224148
sn2006en,0.030776666666666667,34.974631695719054,0.14416047357749728,347.4673814625901,30.248421140272946,Hicken,MCG +05-54-41,Sc,0.0,,347.519542,30.224333,True,34.86442870658314,0.11020298913591377,0.16480210027590875,100.52725350224148
sn2006ej,0.019186666666666668,33.90714130024275,0.1366433445641994,9.747097707787916,-9.06624043990633,Hicken,NGC 191,Sa,0.0,,9.747665,-9.002611,True,33.8195179539652,0.08762334627755307,0.1582684230254188,100.52725350224148
sn2006ef,0.016986666666666667,33.818602897560446,0.15437899911594696,31.08975506282468,-8.746665055025964,Hicken,NGC 809,S0a,0.0,,31.079039,-8.735292999999999,True,33.55145622875419,0.26714666880625515,0.1738112927323882,100.52725350224148
sn2006cs,0.02408333333333333,34.28416819983807,0.1367425950576989,206.3831733817565,35.604098524572244,Hicken,MCG +06-30-79,S0⚬,0.0,,206.395791,35.611128,True,34.3210852567402,-0.03691705690212643,0.15835412030122933,100.52725350224148
sn2006cq,0.04906666666666667,36.03879166144173,0.14614637786103066,201.14565869227764,30.979357287882628,Hicken,IC 4239,S0a,0.0,,201.10595800000002,30.959290999999997,True,35.90628344150879,0.13250821993293727,0.1665420483696581,100.52725350224148
sn2006cp,0.023283333333333333,34.053556746583446,0.12705783161813156,184.7936216706131,22.424476402445826,Hicken,UGC 7357,Scd,0.0,,184.805792,22.431528,True,34.24642789788392,-0.19287115130047286,0.15007059235161252,100.52725350224148
sn2006cg,0.02427,34.15683042236448,0.1662679571613577,196.2515422130953,28.73392496841452,Hicken,2MASX J13050256+2844204,S0⚬,0.0,,196.260583,28.739,True,34.33815430497696,-0.18132388261248167,0.18445195496896605,100.52725350224148
sn2006cf,0.04227,35.513981791045275,0.1278046906633477,163.51425894710866,46.00453690203657,Hicken,UGC 6015,Sbc,0.0,,163.510025,46.027999,True,35.57181422251007,-0.057832431464795775,0.1507034474350749,100.52725350224148
sn2006bw,0.030776666666666667,34.70595136947193,0.14913546394004268,218.48388959972786,3.810351031954048,Hicken,2MASS J14335806+0347502,S0-,0.0,,218.49191499999998,3.797318,True,34.86442870658314,-0.15847733711120782,0.1691711462332574,100.52725350224148
sn2006bt,0.03247666666666667,35.033954506772176,0.10972465360678607,239.175909645384,20.03992111933393,Hicken,WISEA J155630.23+200248.6,S0-,0.0,,239.126199,20.046745,True,34.983908969460714,0.050045537311461885,0.1357092101605178,100.52725350224148
sn2006bq,0.02148333333333333,34.158762910545576,0.11235639302018892,280.0038126728778,40.0270414608976,Hicken,NGC 6685,S0-,0.0,,279.994345,39.981788,True,34.06877952930536,0.08998338124021643,0.13784574409741324,100.52725350224148
sn2006bd,0.02281333333333333,34.60662579325733,0.1385656097266708,174.63466402704208,20.54172338453964,Hicken,UGC 6609,E,0.0,,174.62277,20.527714000000003,True,34.20138129865722,0.4052444946001117,0.15993097983876184,100.52725350224148
sn2006az,0.03157666666666667,34.84479654528665,0.10727087786714196,183.04680469905045,56.1847360467096,Hicken,NGC 4172,Sab,0.0,,183.062034,56.17755,True,34.921438201812904,-0.07664165652625599,0.13373306005490818,100.52725350224148
sn2006ax,0.017986666666666668,33.64381943512957,0.10161560420401212,170.9659639997827,-12.312511312537987,Hicken,NGC 3663,Sb,0.0,,170.999625,-12.296444000000001,True,33.677308870003266,-0.033489434873693824,0.12924094216233814,100.52725350224148
sn2006ar,0.02288333333333333,34.197688377476986,0.18277429047624835,159.29914254593515,65.01362151372642,Hicken,MCG +11-13-36,Sc,0.0,,159.3833,65.01827800000001,True,34.20814790489342,-0.010459527416436742,0.1994590969907324,100.52725350224148
sn2006ak,0.039073333333333335,35.31922975865493,0.1686617145184653,167.4135069511851,28.648378609285306,Hicken,WISEA J110933.15+283739.8,E,1.0,,167.388094,28.627758,True,35.39598726882553,-0.07675751017060861,0.1866126042301824,100.52725350224148
sn2006ac,0.02358333333333333,34.302023066256005,0.1193481018970768,190.43199067169977,35.06128661002336,Hicken,NGC 4619,Sc,0.0,,190.435619,35.062767,True,34.274715802901994,0.027307263354011013,0.14360173933381665,100.52725350224148
sn2006s,0.032876666666666665,35.089603656653324,0.10820664059009072,191.40565403610825,35.13268494525174,Hicken,UGC 7934,Sa,1.0,,191.41104199999998,35.08375,True,35.0111322098209,0.07847144683242391,0.1344848213779364,100.52725350224148
sn2006n,0.01429,33.22568104473083,0.11280376153331212,92.15394678970638,64.77099855849143,Hicken,MCG +11-8-12,E,0.0,,92.126625,64.723694,True,33.17164189375594,0.054039150974887214,0.13821063175214393,100.52725350224148
sn2005na,0.02678,34.40531288675495,0.11696522904620404,105.39795672049378,14.129171098750735,Hicken,UGC 3634,Sa,0.0,,105.403167,14.13525,True,34.55592653791848,-0.15061365116353187,0.14162752175722546,100.52725350224148
sn2005mz,0.017683333333333332,33.348781732154265,0.14819305787226136,49.94857162772264,41.46622601456967,Hicken,NGC 1275,S0⚬,0.0,,49.950666999999996,41.511696,True,33.63987888408953,-0.2910971519352685,0.16834094129116006,100.52725350224148
sn2005ms,0.02588,34.66222473024889,0.10825447403114563,132.33219645443103,36.12411377957515,Hicken,UGC 4614,Sc,0.0,,132.31831100000002,36.119797999999996,True,34.48023801717862,0.18198671307026612,0.13452331121787914,100.52725350224148
sn2005ki,0.02078333333333333,33.852599977233865,0.11676575776675001,160.13400137154778,9.215798110287835,Hicken,NGC 3332,E,0.0,,160.118221,9.182552000000001,True,33.99570531547364,-0.14310533823977778,0.14146283010072194,100.52725350224148
sn2005iq,0.03297666666666667,35.16766109526106,0.1163216541337664,359.6184506519882,-18.71302338830501,Hicken,MCG -03-1-8,Sab,0.0,,359.632607,-18.714015,True,35.01788742798684,0.1497736672742178,0.14109648235756256,100.52725350224148
sn2005eq,0.028380000000000002,34.838920391867205,0.1049725444010678,47.21937363194126,-6.998286157146867,Hicken,MCG -01-9-6,Sbc,0.0,,47.201345,-7.040616,True,34.684521152752275,0.15439923911493025,0.13189664586825756,100.52725350224148
sn2005el,0.014790000000000001,33.29434415057013,0.11121006600613068,77.95183944700905,5.175767093555576,Hicken,NGC 1819,S0⚬,0.0,,77.94225,5.200611,True,33.24714519611146,0.04719895445867195,0.1369129975362103,100.52725350224148
sn2004bg,0.02188333333333333,34.142930365431994,0.12290741386001525,170.22633435978554,21.338456411725648,Hicken,UGC 6363,Sd,0.0,,170.251958,21.337806,True,34.10949055804766,0.033439807384333164,0.14657326664511322,100.52725350224148
sn2004as,0.03207666666666667,35.183584155457766,0.1313366277465674,171.39729355714442,22.81843662935573,Hicken,SDSS J112538.81+224952.2,Scd,1.0,,171.41173600000002,22.83118,True,34.956355923728296,0.2272282317294696,0.15371011645660415,100.52725350224148
sn2004l,0.033376666666666666,35.09546741057492,0.14618696082556726,156.77706557163333,16.014133276878646,Hicken,MCG +03-27-38,Scd,0.0,,156.766469,16.017943,True,35.04470958324589,0.050757827329029226,0.16657766245411876,100.52725350224148
sn2003iv,0.03347666666666667,35.29647176090146,0.1326905001776397,42.554098492056774,12.872489710948427,Hicken,MCG +02-8-14,E,0.0,,42.536831,12.843606,True,35.0513660374168,0.24510572348466295,0.15486852149696073,100.52725350224148
sn2003it,0.02398333333333333,34.327788631682694,0.14236233873937346,1.4804474788230126,27.488332440580788,Hicken,UGC 40,Sb,0.0,,1.451708,27.449416999999997,True,34.311887555017,0.01590107666569196,0.16323150922725216,100.52725350224148
sn2003ic,0.05416333333333333,35.807173044575904,0.14526713412725006,10.445201603376608,-9.273546981496077,Hicken,MCG -02-2-86,S0-,0.0,,10.460294000000001,-9.303129,True,36.12883075051413,-0.32165770593822884,0.16577101788553647,100.52725350224148
sn2003fa,0.039073333333333335,35.390310234922474,0.11411504716620376,265.96367810070115,40.86143952127985,Hicken,ARK 527,Sc,1.0,,266.035833,40.867306,True,35.39598726882553,-0.0056770339030620676,0.1392829282539942,100.52725350224148
sn2003cq,0.03367666666666667,35.05791818576641,0.18022901821266746,179.08781068647073,60.5408391447949,Hicken,NGC 3978,Sb,0.0,,179.043,60.52253,True,35.064620861898845,-0.00670267613243425,0.1971293715283555,100.52725350224148
sn2003ch,0.029580000000000002,35.025115540108665,0.1373912109483029,109.52032216474414,9.728943765319098,Hicken,UGC 3787,S0-,0.0,,109.489833,9.689333,True,34.7763852232942,0.24873031681446636,0.1589145523830447,100.52725350224148
sn2003w,0.02108333333333333,33.91507955983273,0.10877171465813736,146.67896831736627,16.019989638212515,Hicken,UGC 5234,Sc,0.0,,146.706316,16.042861,True,34.027315202523305,-0.11223564269057816,0.13493989781726398,100.52725350224148
sn2003u,0.027880000000000002,34.506382068177764,0.12453871575548026,260.5954404827341,62.18584981470893,Hicken,NGC 6365,Sdm,0.0,,260.68208300000003,62.17,True,34.64511571805839,-0.13873364988062775,0.1479438468990404,100.52725350224148
sn2002jy,0.02008333333333333,34.23437429399354,0.11037696239665976,20.267385204896193,40.52239894659957,Hicken,NGC 477,Sc,0.0,,20.334875,40.488194,True,33.92016521514056,0.3142090788529828,0.13623716064707175,100.52725350224148
sn2002hu,0.03817333333333333,35.27270187500262,0.11950229841115573,34.52302921371585,37.44450583158338,Hicken,MCG +06-6-12,Scd,1.0,,34.576458,37.464333,True,35.343954257866066,-0.07125238286344171,0.14372991838448704,100.52725350224148
sn2002he,0.02478333333333333,34.29598700285717,0.15171595679570798,125.05394772646959,62.825403574919406,Hicken,UGC 4322,E,0.0,,125.00725,62.830583,True,34.38443724971853,-0.08845024686136327,0.17145034750533322,100.52725350224148
sn2002hd,0.035973333333333336,34.838920391867205,0.1605185544428884,133.48723463028594,-7.239321920382133,Hicken,MCG -01-23-8,E,0.0,,133.51951499999998,-7.1832080000000005,True,35.21155104480667,-0.3726306529394634,0.1792866320552007,100.52725350224148
sn2002ha,0.01339,33.06502401717791,0.1156058667480442,311.8500054849095,0.30214899384418714,Hicken,NGC 6962,Sab,0.0,,311.829434,0.320801,True,33.028899669718776,0.036124347459136175,0.14050696260267298,100.52725350224148
sn2002fb,0.01546,33.41960689016808,0.14117511810149466,29.47435014517309,36.3715868606276,Hicken,NGC 759,E,0.0,,29.459708000000003,36.343111,True,33.344454417109816,0.07515247305826023,0.1621971149072429,100.52725350224148
sn2002dp,0.010490000000000001,32.61888940254898,0.11907441353780028,352.11136335528124,22.468758141085324,Hicken,NGC 7678,Sc,0.0,,352.11625,22.421194,True,32.494079160959856,0.1248102415891239,0.14337435639832344,100.52725350224148
sn2002dj,0.01039,32.15857459068384,0.12212004984616576,198.2510801636,-19.479752987952672,Hicken,NGC 5018,E,0.0,,198.25430500000002,-19.518193,True,32.473113745024385,-0.3145391543405438,0.14591366175822054,100.52725350224148
sn2002de,0.02808,34.74856949399509,0.12219132880667764,244.14673219060936,35.73113462070138,Hicken,NGC 6104,Sc,0.0,,244.127861,35.708056,True,34.66096038950982,0.08760910448527426,0.1459733227298879,100.52725350224148
sn2002cr,0.01029,32.51160127003171,0.11479452117417385,211.66102230227563,-5.440178552408277,Hicken,NGC 5468,Scd,0.0,,211.645375,-5.453111,True,32.451947143868274,0.05965412616343713,0.13984016663630747,100.52725350224148
sn2002ck,0.030176666666666668,34.796136057555465,0.134906864265768,236.73192994934516,-1.0174427569477102,Hicken,UGC 10030,Sb,0.0,,236.75174199999998,-0.9851469999999999,True,34.82071165468482,-0.0245755971293562,0.1567716560456154,100.52725350224148
sn2002bz,0.037673333333333336,35.28844977612504,0.16073641381685386,216.20481872734427,26.624133671118148,Hicken,MCG +05-34-33,E,1.0,,216.168856,26.625159999999997,True,35.31452819789268,-0.026078421767635973,0.17948171171449553,100.52725350224148
sn2001ie,0.03117666666666666,34.822856336464355,0.157205307655523,154.217467610942,60.252812142564366,Hicken,UGC 5542,S0-,0.0,,154.22108500000002,60.284902,True,34.893112381462196,-0.07025604499784778,0.17632639867112931,100.52725350224148
sn2001ic,0.04287,35.47447248672721,0.20128669265595991,347.6717531818074,7.551698189577165,Hicken,NGC 7503,E,0.0,,347.67616499999997,7.567683000000001,True,35.60336902640303,-0.1288965396758215,0.21654981587070732,100.52725350224148
sn2001fe,0.01429,33.153753089655865,0.11967134805153193,144.51030743002104,25.49920651959096,Hicken,UGC 5129,Sa,0.0,,144.49166100000002,25.494791,True,33.17164189375594,-0.01788880410007465,0.1438705030843129,100.52725350224148
sn2001ep,0.01289,32.94566425704529,0.20262573028145486,74.29365822928733,-4.734638062789173,Hicken,NGC 1699,Sc,0.0,,74.248458,-4.756861,True,32.94543609654491,0.000228160500377328,0.2177950336563148,100.52725350224148
sn2001en,0.015566666666666666,33.28906484716198,0.15953282583744144,21.33043809845038,34.046950709319894,Hicken,NGC 523,Sb,0.0,,21.336392,34.024956,True,33.359560543364914,-0.07049569620292573,0.17840463175865648,100.52725350224148
sn2001eh,0.03627333333333333,35.30332423912861,0.09958441647002622,24.511516126745605,41.63144242426061,Hicken,UGC 1162,Sb,0.0,,24.564422,41.653964,True,35.230063748938534,0.07326049019007996,0.12765009250657838,100.52725350224148
sn2001da,0.015986666666666666,33.604700167462504,0.13545732979378114,358.39943833399445,8.086439780988218,Hicken,NGC 7780,Sab,0.0,,358.38404199999997,8.118139,True,33.41806255968155,0.18663760778095195,0.15724559869237542,100.52725350224148
sn2001bf,0.015286666666666669,33.110885194939854,0.11527633977974855,270.36918588816934,26.30281457501106,Hicken,MCG +04-42-22,S0⚬,0.0,,270.390036,26.252821,True,33.31968579085093,-0.2088005959110717,0.14023596053180665,100.52725350224148
sn2001az,0.04057,35.42490672351217,0.13782847882315213,248.51109396865027,76.05994189593737,Hicken,UGC 10483,Sc,1.0,,248.62016699999998,76.02972199999999,True,35.47998575645447,-0.05507903294229522,0.15929274838474755,100.52725350224148
sn2001ah,0.05826,36.21110134779183,0.1565171689504978,167.6166791370644,55.1957828159745,Hicken,UGC 6211,Sbc,0.0,,167.626441,55.169844999999995,True,36.29350663003945,-0.08240528224762045,0.17571315912458313,100.52725350224148
sn2001n,0.02208333333333333,34.14875982506593,0.1523329617042237,160.0084801005921,24.070965835195764,Hicken,NGC 3327,Sbc,0.0,,159.991398,24.091258,True,34.12957216814587,0.019187656920060192,0.1719965736136708,100.52725350224148
sn2001g,0.017286666666666662,33.532029328425445,0.11729560106805274,137.3803609965482,50.29508763685391,Hicken,MCG +08-17-43,Sb,1.0,,137.38720800000002,50.281861,True,33.58996395716361,-0.05793462873816679,0.14190048676159697,100.52725350224148
sn1999ej,0.015566666666666666,33.463503660597056,0.1591910547307202,20.703738771711272,33.51634749816693,Hicken,NGC 495,S0a,0.0,,20.733333,33.471667,True,33.359560543364914,0.10394311723214857,0.17809907922148713,100.52725350224148
SN2004ef,0.029769999999999998,34.72883872718452,0.11462319882523407,340.5426411418151,19.99165960381706,CSP Old,UGC 12158,Sbc,0.0,,340.543792,19.996972,True,34.79059464039832,-0.06175591321380125,0.13969956271295744,100.52725350224148
SN2004eo,0.014740000000000001,33.214873519220085,0.1202670362700611,308.2233896433505,9.932530758972137,CSP Old,NGC 6928,Sab,0.0,,308.20925,9.926417,True,33.239709413366974,-0.02483589414688936,0.1443663746391333,100.52725350224148
SN2004ey,0.01463,33.353199652351755,0.1203601819574926,327.28042732947466,0.4445760124183452,CSP Old,UGC 11816,Sc,0.0,,327.280395,0.447329,True,33.22326247823635,0.12993717411540473,0.14444398053952653,100.52725350224148
SN2004gs,0.02828,34.777636207914966,0.11468668647460052,129.59442910935928,17.629345148119434,CSP Old,MCG +03-22-20,E,0.0,,129.599366,17.631331,True,34.676694804723816,0.1009414031911504,0.13975165890888633,100.52725350224148
SN2004gu,0.0469,35.65034921579449,0.1525709623158296,191.603563476203,11.943787630608227,CSP Old,FGC 175A,Sbc,1.0,,191.60341699999998,11.949556,True,35.804816068064724,-0.15446685227023949,0.1722074001175347,100.52725350224148
SN2005A,0.018340000000000002,33.7477828505154,0.12526691552520552,37.679296461086395,-2.9404505390424456,CSP Old,NGC 958,Sc,0.0,,37.678458,-2.9389999999999996,True,33.720130997831305,0.02765185268410164,0.148557363460925,100.52725350224148
SN2005M,0.022969999999999997,34.40609443017984,0.11424080172112,144.39106248132958,23.199007985780693,CSP Old,NGC 2930,Scd,1.0,,144.38583300000002,23.2025,True,34.2164974528293,0.18959697735053996,0.13938597810090742,100.52725350224148
SN2005al,0.01627,33.30380989967513,0.124919835199949,207.50161361645905,-30.58033570488288,CSP Old,NGC 5304,E,0.0,,207.506167,-30.578471999999998,True,33.4566763302506,-0.15286643057547167,0.14826481490780208,100.52725350224148
SN2005be,0.03558,35.10866560990713,0.122289506865933,224.88355178076787,16.669303315708945,CSP Old,WISEA J145933.08+164006.8,S0+,0.0,,224.88782,16.668582999999998,True,35.18704930356872,-0.0783836936615927,0.14605551548221474,100.52725350224148
SN2005bg,0.02416,34.357098839496665,0.12588468145678214,184.3229600994256,16.373984739859623,CSP Old,MCG +03-31-93,Sab,1.0,,184.321792,16.3715,True,34.32811144105511,0.028987398441557843,0.1490786474943273,100.52725350224148
SN2005bo,0.015009999999999999,33.1456679115437,0.12481313074890894,192.42303228303345,-11.099398890805766,CSP Old,NGC 4708,Sc,0.0,,192.422833,-11.093028,True,33.27956996906809,-0.13390205752439502,0.14817492271166072,100.52725350224148
SN2005el,0.01488,33.214873519220085,0.1202670362700611,77.95062893648917,5.197141831957081,CSP Old,NGC 1819,S0⚬,0.0,,77.94225,5.200611,True,33.260467161593155,-0.045593642373070516,0.1443663746391333,100.52725350224148
SN2005eq,0.02835,34.70931182265965,0.1145982706699206,47.20574610594264,-7.030831377932639,CSP Old,MCG -01-9-6,Sbc,0.0,,47.201345,-7.040616,True,34.68217609035307,0.02713573230658284,0.13967910994060198,100.52725350224148
SN2005iq,0.03293,35.06008751029988,0.11825524304721807,359.6348511104264,-18.70862416350495,CSP Old,MCG -03-1-8,Sab,0.0,,359.632607,-18.714015,True,35.01473748808236,0.04535002221751938,0.14269475330725728,100.52725350224148
SN2005kc,0.013890000000000001,33.234642301682356,0.12027980865672172,338.52965431312606,5.5714906392217065,CSP Old,NGC 7311,Sab,0.0,,338.52795499999996,5.569894000000001,True,33.10933268106854,0.12530962061381956,0.14437701508121015,100.52725350224148
SN2005ki,0.02037,33.85610752928752,0.11684672284847633,160.11729904839368,9.204483161781159,CSP Old,NGC 3332,E,0.0,,160.118221,9.182552000000001,True,33.9514096327908,-0.09530210350327906,0.14152966739765566,100.52725350224148
SN2005lu,0.03129,35.23484623572086,0.11854101873791467,39.01662750188713,-17.264457454520922,CSP Old,MCG -03-07-40,Sa,0.0,,39.015125,-17.262944,True,34.901173965405306,0.33367227031555297,0.1429316733152069,100.52725350224148
SN2005na,0.026810000000000004,34.51380055748429,0.12144005699078105,105.40725448849858,14.133557487762186,CSP Old,UGC 3634,Sa,0.0,,105.403167,14.13525,True,34.55840627866937,-0.04460572118507855,0.14534502934461346,100.52725350224148
SN2006ax,0.01796,33.59007063623693,0.1166336416764029,171.0107415094211,-12.290522772276088,CSP Old,NGC 3663,Sb,0.0,,170.999625,-12.296444000000001,True,33.674043397306626,-0.08397276106969542,0.14135379897251413,100.52725350224148
SN2006bh,0.010490000000000001,32.55152015549206,0.12967853093003118,340.0739554360252,-66.48268342183135,CSP Old,NGC 7329,Sb,0.0,,340.100917,-66.478972,True,32.494079160959856,0.057440994532200314,0.15229580262578954,100.52725350224148
2005bl,0.02451333333333333,34.315540467699925,0.15,181.0510833333333,20.406888888888886,CSP,NGC 4070,E,0.0,,181.047066,20.409837,True,34.36021233082517,-0.04467186312524518,0.16993378155405825,100.52725350224148
2005ku,0.0454,35.715540467699924,0.1341640786499874,344.92754166666674,0.013694444444444443,CSP,WISEA J225942.70-000048.3,Sc,1.0,,344.92777,-0.013561000000000002,True,35.73187183855527,-0.016331370855347416,0.15613292450108784,100.52725350224148
2005mc,0.0252,34.475540467699915,0.15,126.7765,21.646,CSP,UGC 4414,S0a,0.0,,126.77484,21.64529,True,34.42131723034789,0.05422323735202639,0.16993378155405825,100.52725350224148
2006br,0.0246,34.285540467699924,0.1341640786499874,202.5075,13.415777777777775,CSP,NGC 5185,Sab,0.0,,202.509375,13.416056,True,34.36801668225165,-0.08247621455172549,0.15613292450108784,100.52725350224148
2006ev,0.0287,34.75554046769992,0.13,322.74691666666666,13.989222222222221,CSP,UGC 11758,Sbc,0.0,,322.740083,13.986082999999999,True,34.70938506005938,0.0461554076405406,0.15256962382224842,100.52725350224148
2007A,0.0177,33.455540467699926,0.1341640786499874,6.319416666666666,12.886805555555556,CSP,NGC 105,Sbc,0.0,,6.319167,12.889444000000001,True,33.641951873957964,-0.18641140625804556,0.15613292450108784,100.52725350224148
2007as,0.0176,33.6955404676999,0.1341640786499874,141.90004166666668,-79.82244444444444,CSP,ESO 18-G18,Sbc,0.0,,141.9185,-80.17994399999999,True,33.62948491729672,0.06605555040317768,0.15613292450108784,100.52725350224148
2007ca,0.0141,33.215540467699924,0.13892443989449804,202.77420833333332,-14.898166666666668,CSP,MCG -02-34-61,Sc,0.0,,202.76599,-15.101187,True,33.14226319518804,0.07327727251188065,0.16024197363132542,100.52725350224148
2007hj,0.0141,33.1955404676999,0.14422205101855956,345.44954166666673,15.5865,CSP,NGC 7461,S0a,0.0,,345.451375,15.582472000000001,True,33.14226319518804,0.05327727251185621,0.16485596778176514,100.52725350224148
2007jg,0.0371,35.445540467699914,0.12649110640673514,52.46175,0.056833333333333326,CSP,LEDA 4014698,Sbc,1.0,,52.461667000000006,0.05694400000000001,True,35.28031418497015,0.16522628272976192,0.14959107631560908,100.52725350224148
2007ux,0.03040666666666666,35.01554046769991,0.12649110640673514,152.33325,14.992444444444445,CSP,2MASX J10091969+1459268,Sa,1.0,,152.33205,14.99094,True,34.83756959144345,0.17797087625645958,0.14959107631560908,100.52725350224148
2008C,0.0166,33.535540467699924,0.13892443989449804,104.29804166666666,20.437138888888885,CSP,UGC 3611,S0a,0.0,,104.298875,20.437361,True,33.50082105357852,0.03471941412140467,0.16024197363132542,100.52725350224148
2008O,0.0389,35.515540467699914,0.12649110640673514,104.39358333333334,-44.18769444444445,CSP,ESO 256-G11,S0⚬,0.0,,104.396333,-45.811972,True,35.386057485868164,0.12948298183174956,0.14959107631560908,100.52725350224148
2008R,0.0135,33.01554046769991,0.14422205101855956,45.97375,-10.005722222222225,CSP,NGC 1200,S0⚬,0.0,,45.977,-11.991806,True,33.04684710610599,-0.03130663840608605,0.16485596778176514,100.52725350224148
2008bi,0.0134,33.305540467699906,0.14422205101855956,128.97245833333332,0.7064166666666666,CSP,NGC 2618,Sa,0.0,,128.973085,0.707112,True,33.030537275785306,0.2750031919146068,0.16485596778176514,100.52725350224148
2008bq,0.034,34.995540467699925,0.13,100.26045833333332,-37.96138888888889,CSP,ESO 308-G25,Sa,0.0,,100.262917,-38.035667,True,35.08588769457318,-0.09034722687325568,0.15256962382224842,100.52725350224148
2008bt,0.0154,33.50554046769992,0.13892443989449804,162.57033333333334,-11.891111111111117,CSP,NGC 3404,Sc,0.0,,162.574917,-12.108722,True,33.33591187351104,0.16962859418888598,0.16024197363132542,100.52725350224148
2008bz,0.0603,36.465540467699924,0.12649110640673514,189.74058333333332,11.1295,CSP,WISEA J123858.11+110750.0,Sbc,1.0,,189.742195,11.130558,True,36.371389108790616,0.0941513589093006,0.14959107631560908,100.52725350224148
2008cc,0.0104,32.135540467699926,0.15,315.8734166666667,-66.81636111111109,CSP,ESO 107-G4,S0⚬,0.0,,315.873417,-67.181333,True,32.475219276107076,-0.33967880840715026,0.16993378155405825,100.52725350224148
2008ff,0.0193,33.855540467699925,0.1341640786499874,303.49983333333336,-43.64783333333333,CSP,ESO 284- G 032,Sa,0.0,,303.484417,-44.351167,True,33.832492237797275,0.023048229902649098,0.15613292450108784,100.52725350224148
2008fl,0.0199,33.6955404676999,0.1341640786499874,294.1868333333333,-36.44875,CSP,NGC 6805,S0⚬,0.0,,294.19045800000004,-37.554361,True,33.89995204569027,-0.20441157799037055,0.15613292450108784,100.52725350224148
2008fu,0.052000000000000005,35.985540467699906,0.12649110640673514,45.61875,-23.544027777777767,CSP,ESO 480-IG21,Sc,1.0,,45.619541999999996,-24.455833,True,36.036951901038016,-0.051411433338110164,0.14959107631560908,100.52725350224148
2008gg,0.032,34.9455404676999,0.13,21.346,-17.827555555555556,CSP,NGC 539,Sc,0.0,,21.340538000000002,-18.163854999999998,True,34.95103657445945,-0.005496106759551367,0.15256962382224842,100.52725350224148
2008gl,0.034,35.135540467699926,0.12649110640673514,20.228416666666668,4.805305555555555,CSP,UGC 881,S0⚬,0.0,,20.222791,4.801339,True,35.08588769457318,0.04965277312674488,0.14959107631560908,100.52725350224148
2008hj,0.0379,35.365540467699915,0.12649110640673514,1.0079583333333333,-10.83125,CSP,MCG -02-1-14,Scd,0.0,,1.0063600000000001,-11.174272,True,35.32791487630902,0.037625591390892055,0.14959107631560908,100.52725350224148
2008hv,0.0126,33.135540467699926,0.13892443989449804,136.89191666666667,3.39225,CSP,NGC 2765,Sa,0.0,,136.902677,3.392904,True,32.89554529750154,0.2399951701983838,0.16024197363132542,100.52725350224148
2008ia,0.0219,34.105540467699925,0.13,132.64645833333333,-60.72205555555556,CSP,ESO 125-6,E,0.0,,132.649375,-61.277917,True,34.11117091146663,-0.005630443766705184,0.15256962382224842,100.52725350224148
2009D,0.025,34.34554046769993,0.13,58.595125,-18.818277777777773,CSP,MCG -03-10-52,Sb,0.0,,58.602792,-19.190306,True,34.403690204889195,-0.05814973718926807,0.15256962382224842,100.52725350224148
2009F,0.013,32.9455404676999,0.14422205101855956,74.84816666666667,-10.869416666666664,CSP,NGC 1725,E,0.0,,74.845375,-11.132306,True,32.96406988391019,-0.018529416210292027,0.16485596778176514,100.52725350224148
2009P,0.0251,34.615540467699915,0.13,170.16158333333334,-2.453805555555556,CSP,CGCG 011-065,Sb,0.0,,170.160958,-3.546333,True,34.41252096325972,0.20301950444019207,0.15256962382224842,100.52725350224148
2009aa,0.0273,34.58554046769991,0.12649110640673514,170.92616666666666,-21.72930555555555,CSP,ESO 570-G20,Sab,0.0,,170.92066699999998,-22.2705,True,34.59852786813621,-0.012987400436301757,0.14959107631560908,100.52725350224148
2009ad,0.0284,34.58554046769991,0.12649110640673514,75.88908333333333,6.659916666666668,CSP,UGC 3236,Sbc,0.0,,75.888375,6.657361,True,34.686083178158306,-0.1005427104584058,0.14959107631560908,100.52725350224148
2009cz,0.022726666666666662,34.15554046769991,0.13,138.75008333333332,29.73530555555556,CSP,NGC 2789,S0a,0.0,,138.74858799999998,29.730278000000002,True,34.19297524017541,-0.03743477247549976,0.15256962382224842,100.52725350224148
2009ds,0.0193,33.855540467699925,0.13,177.267125,-8.270861111111111,CSP,NGC 3905,Sc,0.0,,177.27045,-9.729830999999999,True,33.832492237797275,0.023048229902649098,0.15256962382224842,100.52725350224148
2009le,0.0178,33.855540467699925,0.13892443989449804,32.321416666666664,-22.587555555555557,CSP,ESO 478-6,Scd,0.0,,32.325333,-23.415083,True,33.654349493533125,0.2011909741667992,0.16024197363132542,100.52725350224148
1999dg,0.023,34.21287496877355,0.1392342537222878,227.86837000000003,13.48492,LOSS,UGC 9758,S0a,0.0,,227.86686600000002,13.483554000000002,True,34.219380462617714,-0.006505493844173316,0.16051064613559066,100.52725350224148
1999ef,0.038,35.44951536782737,0.1472758548085952,14.6925,12.74583,LOSS,UGC 607,Sc,0.0,,14.687167,12.748361000000001,True,35.333795978979424,0.11571938884794265,0.16753407869106754,100.52725350224148
2000cu,0.02,33.74078897420884,0.138254032163993,291.08729,-25.98447,LOSS,ESO 525-G004,Sa,0.0,,291.08358300000003,-25.984972,True,33.911000053149515,-0.17021107894067455,0.1596611020971132,100.52725350224148
2000cw,0.028999999999999998,34.7856698617029,0.13738332289474736,356.85458,28.38772,LOSS,MCG +05-56-7,Sb,0.0,,356.851792,28.393528000000003,True,34.732449452173704,0.05322040952920304,0.15890773273464326,100.52725350224148
2000dg,0.037000000000000005,35.21427782698897,0.1507122337755048,1.55754,8.88819,LOSS,MCG +01-1-29,Sb,0.0,,1.559542,8.887806,True,35.27429387919629,-0.06001605220731676,0.17056279642074587,100.52725350224148
2000dm,0.015,33.208588067830426,0.13802600265747905,274.74571000000003,16.248170000000002,LOSS,UGC 11198,Sb,0.0,,274.746625,16.249556,True,33.27810634286673,-0.0695182750363017,0.1594636871606348,100.52725350224148
2000dn,0.031,35.022032445543964,0.13780485263444975,346.27442,-3.20028,LOSS,IC 1468,Sc,0.0,,346.281542,-3.2045,True,34.880488427220065,0.1415440183238985,0.15927230620187804,100.52725350224148
2000dr,0.018000000000000002,33.67111277788061,0.13802600265747905,15.4335,-15.569189999999999,LOSS,IC 1610,S0a,0.0,,15.427417000000002,-15.567778,True,33.678939814952976,-0.007827037072367204,0.1594636871606348,100.52725350224148
2001br,0.02,34.11509222917869,0.13780485263444975,277.60646,34.103609999999996,LOSS,UGC 11260,Sa,0.0,,277.60587400000003,34.10281,True,33.911000053149515,0.20409217602917806,0.15927230620187804,100.52725350224148
2001cj,0.024833333333333332,34.446618830653264,0.13738332289474736,200.43687,31.24683,LOSS,UGC 8399,Sb,0.0,,200.43938,31.237245,True,34.38889487502821,0.0577239556250504,0.15890773273464326,100.52725350224148
2001ck,0.035,35.120978589965446,0.1375906152671846,219.45867,30.483940000000004,LOSS,UGC 9425,Sa,0.0,,219.461958,30.481222,True,35.150433041821465,-0.029454451856018693,0.15908698099739274,100.52725350224148
2001cp,0.022000000000000002,34.07129769948409,0.13738332289474736,257.76075,5.8407800000000005,LOSS,UGC 10738,Sbc,0.0,,257.774375,5.85225,True,34.12122667392864,-0.049928974444547684,0.15890773273464326,100.52725350224148
2001dl,0.02,34.21962533395515,0.13698969818786524,320.25721,9.18067,LOSS,UGC 11725,Sdm,0.0,,320.257344,9.177495,True,33.911000053149515,0.3086252808056358,0.158567548769806,100.52725350224148
2002aw,0.026000000000000002,34.28330082398709,0.13780485263444975,249.37107999999998,40.88064,LOSS,2MFGC 13321,Sb,0.0,,249.371976,40.879967,True,34.490477776890984,-0.20717695290389315,0.15927230620187804,100.52725350224148
2002cu,0.023,34.07375684302801,0.13738332289474736,272.71,31.10897000000001,LOSS,NGC 6575,E,0.0,,272.739542,31.116194,True,34.219380462617714,-0.14562361958971334,0.15890773273464326,100.52725350224148
2002dl,0.015,33.5047186828188,0.13738332289474736,335.22483,33.29269,LOSS,UGC 11994,Scd,0.0,,335.221333,33.295333,True,33.27810634286673,0.22661233995206945,0.15890773273464326,100.52725350224148
2002do,0.015,33.40576981223879,0.14569206364659132,299.05367,40.43633,LOSS,MCG +07-41-1,E,0.0,,299.053583,40.433972,True,33.27810634286673,0.12766346937205952,0.16614351483842155,100.52725350224148
2002eb,0.026000000000000002,34.49097161466231,0.136129267277843,334.77182999999997,24.59439,LOSS,CGCG 473-011,Sab,0.0,,334.776248,24.598195999999998,True,34.490477776890984,0.0004938377713230581,0.15782480008815095,100.52725350224148
2002el,0.027313333333333332,34.38578683370314,0.13718300700014713,314.1253700000001,-18.55953,LOSS,NGC 6986,S0-,0.0,,314.127746,-18.566543,True,34.59960971204771,-0.21382287834456548,0.15873458200047275,100.52725350224148
2002hw,0.016,33.28971438456965,0.1397647216203088,1.70442,8.630139999999999,LOSS,UGC 52,Sc,0.0,,1.7061669999999998,8.6285,True,33.41989478957028,-0.13018040500062966,0.16097101454257165,100.52725350224148
2003d,0.023,34.20582325548904,0.15351279233211287,144.72299999999996,-4.85142,LOSS,MCG -01-25-9,E,0.0,,144.723143,-4.849266,True,34.219380462617714,-0.01355720712868447,0.1730423864920523,100.52725350224148
2003gn,0.033,35.28377814891905,0.13718300700014713,338.46533,20.80236,LOSS,CGCG 452-024,Sbc,0.0,,338.460333,20.805305999999998,True,35.0194607645156,0.2643173844034479,0.15873458200047275,100.52725350224148
2003gt,0.015,33.1378843923729,0.13645210665139038,308.24633,9.87203,LOSS,NGC 6930,Sab,0.0,,308.245,9.874444,True,33.27810634286673,-0.14022195049383154,0.1581033444392142,100.52725350224148
2003he,0.023936666666666655,34.28506464273749,0.136129267277843,359.73771,-2.24808,LOSS,MCG -01-1-10,Sbc,0.0,,359.738458,-2.2495830000000003,True,34.30758238570793,-0.022517742970443063,0.15782480008815095,100.52725350224148
2004e,0.031,34.94462307101769,0.14090485232809555,199.21417,31.586609999999997,LOSS,SDSS J131650.57+313514.3,Sb,0.0,,,,True,34.880488427220065,0.06413464379762246,0.1619619323262871,100.52725350224148
2004at,0.024,34.237336234299,0.136803426161783,164.68825,59.48667,LOSS,MCG +10-16-37,Sb,0.0,,164.695371,59.486803,True,34.31342312011951,-0.0760868858205086,0.15840665239460372,100.52725350224148
2004bk,0.02394,34.04188991232965,0.1392342537222878,204.36966999999999,4.10314,LOSS,NGC 5246,Sbc,0.0,,204.37235800000002,4.104444,True,34.30789017130719,-0.26600025897754165,0.16051064613559066,100.52725350224148
2004bw,0.022000000000000002,34.09577922169303,0.13718300700014713,225.94478999999998,-3.30456,LOSS,MCG +00-38-19,Scd,0.0,,225.93875,-3.3025830000000003,True,34.12122667392864,-0.025447452235610516,0.15873458200047275,100.52725350224148
2004fz,0.016296666666666668,33.085215801876394,0.13718300700014713,30.276709999999998,31.878940000000004,LOSS,NGC 783,Sc,0.0,,30.277541999999997,31.882471999999996,True,33.46027628989594,-0.3750604880195425,0.15873458200047275,100.52725350224148
2005m,0.023,34.283150756970876,0.136129267277843,144.38483,23.20075,LOSS,NGC 2930,Scd,1.0,,,,True,34.219380462617714,0.06377029435315508,0.15782480008815095,100.52725350224148
2005bc,0.013000000000000001,33.0057307368081,0.1362871138794949,219.31271,38.45642,LOSS,NGC 5698,Sb,0.0,,219.31123300000002,38.454267,True,32.96406988391019,0.041660852897905436,0.15796096835251675,100.52725350224148
2005de,0.015,33.377170156317604,0.13645210665139038,270.59733,26.052139999999998,LOSS,UGC 11097,Scd,0.0,,270.603625,26.040389,True,33.27810634286673,0.09906381345087567,0.1581033444392142,100.52725350224148
2005lz,0.04,35.47039927169906,0.138254032163993,32.70733,34.98283,LOSS,UGC 1666,Scd,0.0,,32.702484999999996,34.984604,True,35.44835648417559,0.022042787523467663,0.1596611020971132,100.52725350224148
2006bb,0.02522333333333333,34.589700724673364,0.17892506087634122,128.37954,41.51781,LOSS,UGC 4468,S0-,0.0,,128.378194,41.525445,True,34.4233647590676,0.1663359656057608,0.1959379175220172,100.52725350224148
2006cc,0.033,34.847043971112946,0.13738332289474736,242.48517,43.12639,LOSS,UGC 10244,Sb,0.0,,242.480917,43.129194,True,35.0194607645156,-0.17241679340265392,0.15890773273464326,100.52725350224148
2006dm,0.02123,34.0867127372022,0.13780485263444975,355.44933,-3.6689999999999996,LOSS,MCG -01-60-21,Sc,0.0,,355.447042,-3.667222,True,34.042608043588906,0.044104693613292056,0.15927230620187804,100.52725350224148
2006ev,0.027999999999999997,34.889233748478524,0.19413958228450584,322.7469200000001,13.989220000000001,LOSS,UGC 11758,Sbc,0.0,,322.740083,13.986082999999999,True,34.65463583974678,0.23459790873174316,0.20992300379630816,100.52725350224148
2007au,0.021,33.960609813526396,0.13873059291159398,107.94211999999999,49.85372,LOSS,UGC 3725,E,0.0,,107.92425,49.866667,True,34.01857934246693,-0.0579695289405322,0.1600739439223786,100.52725350224148
2007bj,0.017,33.63556010141865,0.14349277824895024,245.54412000000002,-1.5142799999999998,LOSS,NGC 6172,E,0.0,,245.54292200000003,-1.514865,True,33.55318189556555,0.08237820585310374,0.16421835318521738,100.52725350224148
2007bz,0.023,34.68267500006205,0.1397647216203088,194.22404,22.37281,LOSS,IC 3918,Sbc,1.0,,194.223103,22.373607,True,34.219380462617714,0.4632945374443267,0.16097101454257165,100.52725350224148
2007ca,0.015,33.49164552561174,0.13738332289474736,202.77421,-15.10183,LOSS,MCG -02-34-61,Sc,0.0,,202.76599,-15.101187,True,33.27810634286673,0.21353918274500927,0.15890773273464326,100.52725350224148
2007ci,0.02235,33.88134358778444,0.138254032163993,176.44104,19.770529999999997,LOSS,NGC 3873,E,0.0,,176.44208999999998,19.773941,True,34.156070983039626,-0.27472739525519074,0.1596611020971132,100.52725350224148
2007ux,0.03040666666666666,35.164475987860165,0.17186965238110655,152.33325,14.99244,LOSS,2MASX J10091969+1459268,Sa,1.0,,152.33205,14.99094,True,34.83756959144345,0.32690639641671737,0.18951693202156053,100.52725350224148
2008c,0.017,33.35079402899491,0.14647244590571434,104.29804,20.43714,LOSS,UGC 3611,S0a,0.0,,,,True,33.55318189556555,-0.20238786657063199,0.16682825756707048,100.52725350224148
2008ar,0.02737,34.67120779591188,0.1375906152671846,186.158,10.83817,LOSS,IC 3284,Sab,0.0,,186.156498,10.839041,True,34.604201777091646,0.06700601882023705,0.15908698099739274,100.52725350224148
2008dr,0.04,35.452861949483435,0.13645210665139038,332.71529,2.10822,LOSS,NGC 7222,Sab,0.0,,332.715669,2.105797,True,35.44835648417559,0.004505465307843792,0.1581033444392142,100.52725350224148
2008ec,0.01491,33.273012788647364,0.13738332289474736,345.819,8.871939999999997,LOSS,NGC 7469,Sa,0.0,,345.81509500000004,8.873997,True,33.26489011158887,0.008122677058494787,0.15890773273464326,100.52725350224148
2008ei,0.037000000000000005,35.17156271961313,0.1400399136303733,334.38854,33.25592,LOSS,UGC 11977,Sdm,0.0,,334.389292,33.256111,True,35.27429387919629,-0.1027311595831577,0.16121001061616738,100.52725350224148
2015ar,0.01635,33.314755527973595,0.08996470508483878,16.83491666666667,32.39994444444444,Foundation,NGC 383,E,0.0,,16.853995,32.412559,True,33.46745878022212,-0.15270325224852144,0.12029604430015314,100.52725350224148
2016F,0.01513,33.41798260790412,0.07806182268562538,24.88333,33.82668,Foundation,KUG 0136+335,Sbc,0.0,,24.879832999999998,33.824389000000004,True,33.29705865224431,0.12092395565981208,0.11167425072175058,100.52725350224148
2016H,0.04748,35.86636528672626,0.07806182268562538,154.81917,4.76167,Foundation,CGCG 036-091,Sbc,0.0,,154.823306,4.763057,True,35.832416286979225,0.03394899974703236,0.11167425072175058,100.52725350224148
2016K,0.030613333333333333,34.76672263385906,0.07806182268562538,65.45125,-15.75559,Foundation,NGC 1562,E,0.0,,65.44840500000001,-15.755453,True,34.85261116381792,-0.08588852995885787,0.11167425072175058,100.52725350224148
2016W,0.01723333333333333,33.72683571683398,0.08362803453987196,37.66542000000001,42.23581,Foundation,NGC946,S0⚬,0.0,,37.660143,42.232619,True,33.58316661292372,0.14366910391026266,0.1156336381606339,100.52725350224148
2016acs,0.05714,36.25336915354385,0.07806182268562538,163.7425,14.27161,Foundation,CGCG 095-067,Sbc,1.0,,163.74521399999998,14.271626999999999,True,36.249622980034815,0.0037461735090431603,0.11167425072175058,100.52725350224148
2016aew,0.026136666666666662,34.510253252976064,0.07806182268562538,212.86042,1.28596,Foundation,IC 0986,S0⚬,0.0,,212.85929500000003,1.286516,True,34.502083368197276,0.008169884778780556,0.11167425072175058,100.52725350224148
2016afk,0.04726,35.844250849210034,0.08362803453987196,155.62458,15.09659,Foundation,WISEA J102229.90+150547.0,Sc,1.0,,155.62445300000002,15.096420000000002,True,35.82198590552476,0.022264943685271987,0.1156336381606339,100.52725350224148
2016ah,0.04954,35.8011305513055,0.07806182268562538,162.8025,19.36251,Foundation,WISEA J105112.52+192148.2,Sb,1.0,,162.802202,19.363404,True,35.927871767792006,-0.12674121648651493,0.11167425072175058,100.52725350224148
2016asf,0.01892,33.78407342250592,0.10437264086436644,102.65292,31.1126,Foundation,KUG 0647+311,Sc,0.0,,102.65385500000001,31.116838,True,33.788689624551246,-0.00461620204533375,0.13141970276280648,100.52725350224148
2016axb,0.040780000000000004,35.403999819390286,0.07806182268562538,162.03125,0.16713,Foundation,WISEA J104807.48+001001.4,Sb,0.0,,162.031247,0.16713,True,35.49152975916265,-0.08752993977235947,0.11167425072175058,100.52725350224148
2016axw,0.05483,36.19019360879371,0.07806182268562538,216.82862000000003,-1.67847,Foundation,2MASX J14271887-0140428,Sab,1.0,,216.828623,-1.678467,True,36.156431044415314,0.033762564378406516,0.11167425072175058,100.52725350224148
2016baq,0.03649,35.1335874028349,0.07806182268562538,167.35751000000005,29.56925,Foundation,UGC 6198,S0a,0.0,,167.35751100000002,29.569246999999997,True,35.243341386729625,-0.109753983894727,0.11167425072175058,100.52725350224148
2016blj,0.03518333333333333,35.012896037980774,0.08362803453987196,202.50333,-27.97342,Foundation,2MASX J13300119-2758297,S0⚬,1.0,,202.505,-27.974916999999998,True,35.162070762218555,-0.14917472423778122,0.1156336381606339,100.52725350224148
2016bln,0.02361,34.3079738132306,0.07806182268562538,203.68955,13.853972222222225,Foundation,NGC 5221,Sb,0.0,,203.732917,13.8325,True,34.277213134876625,0.03076067835397112,0.11167425072175058,100.52725350224148
2016bmc,0.02804,34.63180279235413,0.13745416749230274,287.65542,37.65473,Foundation,UGC 11409,Sb,0.0,,287.656208,37.655306,True,34.657800325989896,-0.02599753363576696,0.15896898525896305,100.52725350224148
2016ccz,0.01541,33.4181275270617,0.07806182268562538,217.78875,27.23606,Foundation,MRK 685,Sa,0.0,,217.787022,27.236745000000003,True,33.33733791350392,0.08078961355778347,0.11167425072175058,100.52725350224148
2016cob,0.03075,34.79034426801575,0.07806182268562538,203.14908,-5.27267,Foundation,2MASX J13323577-0516218,S0+,0.0,,203.14908300000002,-5.272667,True,34.862503510850374,-0.07215924283462273,0.11167425072175058,100.52725350224148
2016cpy,0.02991333333333333,34.609410557536066,0.08362803453987196,221.7775,11.5949,Foundation,UGC 09523,E,0.0,,221.776333,11.593805999999999,True,34.80125537498836,-0.1918448174522922,0.1156336381606339,100.52725350224148
2016cvw,0.03823,35.37918704781368,0.08996470508483878,341.55171,10.55714,Foundation,MCG +02-58-008,E,0.0,,341.551708,10.557139,True,35.347265487801515,0.031921560012165166,0.12029604430015314,100.52725350224148
2016czc,0.05141,35.92289242248718,0.07806182268562538,209.76858,33.13897,Foundation,2MASX J13590394+3308172,Sab,1.0,,209.766448,33.138228000000005,True,36.011252650847204,-0.08836022836001689,0.11167425072175058,100.52725350224148
2016eoa,0.01814333333333333,33.95429722013065,0.08996470508483878,5.34333,22.43361,Foundation,NGC 0083,E,0.0,,5.343333,22.433611,True,33.69639755686842,0.25789966326222924,0.12029604430015314,100.52725350224148
2016euj,0.01697,33.58191139674088,0.07806182268562538,36.84042,-23.92925,Foundation,ESO 479- G 007,S0a,1.0,,36.840958,-23.928805999999998,True,33.54929726300364,0.032614133737240536,0.11167425072175058,100.52725350224148
2016ews,0.046130000000000004,35.872400101867235,0.08362803453987196,225.65229,23.35265,Foundation,IC 4526,Ir,0.0,,225.659177,23.350435,True,35.76765867106565,0.10474143080158882,0.1156336381606339,100.52725350224148
2016fbk,0.035710000000000006,35.30826413117886,0.08362803453987196,26.02737,34.38283,Foundation,UGC 01212,Sb,0.0,,26.033958,34.387306,True,35.1951764515327,0.1130876796461564,0.1156336381606339,100.52725350224148
2016ffh,0.01895,33.921730133584504,0.07344146077660776,227.95617,46.25089000000001,Foundation,CGCG 249-011,S0a,0.0,,227.95159900000002,46.253859000000006,True,33.792179132185204,0.12955100139929954,0.10849487671896957,100.52725350224148
2016hgw,0.02315333333333333,34.32988221989213,0.12881633499289605,44.39175,5.97814,Foundation,CGCG 415-040,S0⚬,0.0,,44.390279,5.976921,True,34.23405832153546,0.09582389835667016,0.15156232471912146,100.52725350224148
2016htm,0.04288,35.61310608271072,0.07806182268562538,38.01092,-26.66591,Foundation,WISEA J023201.36-263956.9,Sc,1.0,,38.005666999999995,-26.665944,True,35.603891295698645,0.009214787012076895,0.11167425072175058,100.52725350224148
2016ys,0.02918,34.79244489418136,0.08362803453987196,108.05958,7.23978,Foundation,UGC 03738,Sc,1.0,,108.06299999999999,7.2410000000000005,True,34.74617613044602,0.04626876373534117,0.1156336381606339,100.52725350224148
2017awz,0.023166666666666662,33.8956376883527,0.07806182268562538,166.89786999999995,22.85127,Foundation,SDSS J110735.45+225104.1,E,0.0,,166.897743,22.851166,True,34.235330135462604,-0.339692447109897,0.11167425072175058,100.52725350224148
2017cfb,0.02276,34.163800885635446,0.07806182268562538,208.53675,9.41269,Foundation,CGCG 073-094,Sc,1.0,,208.53675,9.412694,True,34.196212065659964,-0.0324111800245106,0.11167425072175058,100.52725350224148
2017cfc,0.02495,34.28984542548819,0.07806182268562538,208.1625,-2.0022900000000003,Foundation,UGC 08783,Sb,0.0,,208.16579199999998,-1.9976669999999999,True,34.39926180525928,-0.10941637977109052,0.11167425072175058,100.52725350224148
2017cfd,0.012086666666666673,32.86345337369375,0.07806182268562538,130.20479,73.48754,Foundation,IC 511,S0a,0.0,,130.210208,73.48666700000001,True,32.80437702044039,0.059076353253367124,0.11167425072175058,100.52725350224148
2017cii,0.03277,35.13784342881096,0.08996470508483878,248.3325,23.731,Foundation,SDSS J163319.94+234356.4,Sbc,1.0,,248.33312400000003,23.732357999999998,True,35.00390447131316,0.13393895749779716,0.12029604430015314,100.52725350224148
2017hm,0.02145,33.94743675232,0.08362803453987196,173.29408,-10.22178,Foundation,MCG -02-30-003,Sc,0.0,,173.294042,-10.228861,True,34.06535332770984,-0.11791657538983458,0.1156336381606339,100.52725350224148
2017hn,0.02585,34.33696755446063,0.07806182268562538,196.91421,6.33756,Foundation,UGC 08204,Sab,0.0,,196.914225,6.335946,True,34.477670794051555,-0.1407032395909198,0.11167425072175058,100.52725350224148
2017ln,0.02742,34.55438785170885,0.07806182268562538,174.64075,25.39635,Foundation,2MASX J11383367+2523532,Sb,0.0,,174.64049,25.398098,True,34.60824586172395,-0.05385801001509094,0.11167425072175058,100.52725350224148
2017lv,0.02989,34.839497271410586,0.09692083450425927,176.11058,-28.45756,Foundation,ESO 440- G 001,Sab,0.0,,176.107875,-28.462111,True,34.79952331997346,0.03997395143712623,0.1255831926424249,100.52725350224148
2017me,0.03393,35.29656420556093,0.07806182268562538,171.97717,27.34577,Foundation,KUG 1125+276,Sb,0.0,,171.980186,27.347021,True,35.08130034049952,0.21526386506140935,0.11167425072175058,100.52725350224148
2017mf,0.02582,34.571833669270646,0.07806182268562538,214.12917,39.58667,Foundation,NGC5541,Sc,0.0,,214.132509,39.589052,True,34.47510064412678,0.0967330251438625,0.11167425072175058,100.52725350224148
2017ms,0.025960000000000004,34.507483986335224,0.07806182268562538,156.67654,36.68073,Foundation,SDSS J102641.99+364053.2,Scd,1.0,,156.67496699999998,36.681447999999996,True,34.487069688190175,0.020414298145048804,0.11167425072175058,100.52725350224148
